{
  "pillars": [
    {
      "name": "Foundations",
      "slug": "foundations",
      "subtopics": [
        {
          "name": "Bees & Biology",
          "slug": "bees-and-biology",
          "aliases": [
            "biology"
          ]
        },
        {
          "name": "Anatomy",
          "slug": "anatomy"
        },
        {
          "name": "Life Cycle",
          "slug": "life-cycle"
        },
        {
          "name": "Castes",
          "slug": "castes"
        },
        {
          "name": "Pollination Basics",
          "slug": "pollination-basics",
          "aliases": [
            "pollination"
          ]
        },
        {
          "name": "Bee Races / Genetics",
          "slug": "bee-races-genetics",
          "aliases": [
            "genetics",
            "races"
          ]
        },
        {
          "name": "Glossary",
          "slug": "glossary"
        }
      ]
    },
    {
      "name": "Colony Health",
      "slug": "colony-health",
      "subtopics": [
        {
          "name": "Disease & Pests",
          "slug": "disease-and-pests",
          "aliases": [
            "diseases",
            "pests"
          ]
        },
        {
          "name": "Nutrition & Forage",
          "slug": "nutrition-and-forage",
          "aliases": [
            "nutrition",
            "forage"
          ]
        },
        {
          "name": "Queen & Brood",
          "slug": "queen-and-brood",
          "aliases": [
            "queen",
            "brood"
          ]
        },
        {
          "name": "Stressors",
          "slug": "stressors"
        },
        {
          "name": "Biosecurity",
          "slug": "biosecurity"
        }
      ]
    },
    {
      "name": "Operations",
      "slug": "operations",
      "subtopics": [
        {
          "name": "Inspections",
          "slug": "inspections"
        },
        {
          "name": "Hives & Hardware",
          "slug": "hives-and-hardware",
          "aliases": [
            "equipment",
            "hardware"
          ]
        },
        {
          "name": "Colony Management",
          "slug": "colony-management"
        },
        {
          "name": "Harvest & Processing",
          "slug": "harvest-and-processing"
        },
        {
          "name": "Safety",
          "slug": "safety"
        },
        {
          "name": "Seasonal Calendar",
          "slug": "seasonal-calendar",
          "aliases": [
            "calendar"
          ]
        }
      ]
    },
    {
      "name": "Community & Policy",
      "slug": "community-policy",
      "subtopics": [
        {
          "name": "Associations & Clubs",
          "slug": "associations-and-clubs",
          "aliases": [
            "associations",
            "clubs"
          ]
        },
        {
          "name": "Education & Outreach",
          "slug": "education-and-outreach",
          "aliases": [
            "education",
            "outreach"
          ]
        },
        {
          "name": "Local Networks",
          "slug": "local-networks",
          "aliases": [
            "networks"
          ]
        },
        {
          "name": "Regulation & Standards",
          "slug": "regulation-and-standards",
          "aliases": [
            "regulation",
            "standards"
          ]
        },
        {
          "name": "Ethics",
          "slug": "ethics"
        }
      ]
    },
    {
      "name": "Data & Sensing",
      "slug": "data-sensing",
      "subtopics": [
        {
          "name": "Sensors & Telemetry",
          "slug": "sensors-and-telemetry",
          "aliases": [
            "sensors",
            "telemetry"
          ]
        },
        {
          "name": "Field Logs",
          "slug": "field-logs",
          "aliases": [
            "logs",
            "record-keeping"
          ]
        },
        {
          "name": "Analysis & Standards",
          "slug": "analysis-and-standards",
          "aliases": [
            "analysis",
            "standards"
          ]
        },
        {
          "name": "Open Data",
          "slug": "open-data"
        },
        {
          "name": "Case Studies",
          "slug": "case-studies"
        }
      ]
    },
    {
      "name": "Sustainability & Environment",
      "slug": "sustainability-environment",
      "subtopics": [
        {
          "name": "Habitat & Forage Landscapes",
          "slug": "habitat-and-forage-landscapes",
          "aliases": [
            "habitat",
            "forage-landscapes"
          ]
        },
        {
          "name": "Climate Impacts",
          "slug": "climate-impacts",
          "aliases": [
            "climate"
          ]
        },
        {
          "name": "Pesticides & Mitigation",
          "slug": "pesticides-and-mitigation",
          "aliases": [
            "pesticides",
            "mitigation"
          ]
        },
        {
          "name": "Biodiversity Links",
          "slug": "biodiversity-links",
          "aliases": [
            "biodiversity"
          ]
        },
        {
          "name": "Urban vs Rural",
          "slug": "urban-vs-rural",
          "aliases": [
            "urban",
            "rural"
          ]
        }
      ]
    }
  ]
}