[
  {
    "title": "Why colony records matter",
    "excerpt": "Good records turn hunches into decisions. Here’s a simple pattern that works from hobbyist to pro.",
    "date": "2025-10-05",
    "url": "/blog/posts/why-colony-records.html"
  },
  {
    "title": "Reading brood patterns",
    "excerpt": "Spotting scattered brood, drone layers and supersedure early prevents a poor season.",
    "date": "2025-10-03",
    "url": "/blog/posts/reading-brood.html"
  },
  {
    "title": "Weighing hives with cheap kit",
    "excerpt": "Simple luggage scales can reveal forage flows and starvation risk.",
    "date": "2025-10-01",
    "url": "/blog/posts/hive-weighing.html"
  }
]