<?xml version="1.0" encoding="UTF-8"?>
<rss version="2.0"><channel>
<title>Bee Planet Connection — Blog</title>
<link>https://www.beeplanetconnection.org/blog/</link>
<description>Updates and thought leadership from Bee Planet Connection.</description>
  <item>
    <title>Why colony records matter</title>
    <link>https://www.beeplanetconnection.org/blog/posts/why-colony-records.html</link>
    <pubDate>Sun, 05 Oct 2025 00:00:00 GMT</pubDate>
    <description>Good records turn hunches into decisions. Here’s a simple pattern that works from hobbyist to pro.</description>
    <guid>https://www.beeplanetconnection.org/blog/posts/why-colony-records.html</guid>
  </item>
  <item>
    <title>Reading brood patterns</title>
    <link>https://www.beeplanetconnection.org/blog/posts/reading-brood.html</link>
    <pubDate>Fri, 03 Oct 2025 00:00:00 GMT</pubDate>
    <description>Spotting scattered brood, drone layers and supersedure early prevents a poor season.</description>
    <guid>https://www.beeplanetconnection.org/blog/posts/reading-brood.html</guid>
  </item>
  <item>
    <title>Weighing hives with cheap kit</title>
    <link>https://www.beeplanetconnection.org/blog/posts/hive-weighing.html</link>
    <pubDate>Wed, 01 Oct 2025 00:00:00 GMT</pubDate>
    <description>Simple luggage scales can reveal forage flows and starvation risk.</description>
    <guid>https://www.beeplanetconnection.org/blog/posts/hive-weighing.html</guid>
  </item></channel></rss>